{
  "project_info": {
    "project_number": "255476366678",
    "firebase_url": "https://cleanifydenicaproject-default-rtdb.asia-southeast1.firebasedatabase.app",
    "project_id": "cleanifydenicaproject",
    "storage_bucket": "cleanifydenicaproject.firebasestorage.app"
  },
  "client": [
    {
      "client_info": {
        "mobilesdk_app_id": "1:255476366678:android:1c1eb6952e2cbbf7ea2af7",
        "android_client_info": {
          "package_name": "com.example.cleanify"
        }
      },
      "oauth_client": [
        {
          "client_id": "255476366678-km3d4u4qdtkehsn0jm7d5rcnsh29isfg.apps.googleusercontent.com",
          "client_type": 1,
          "android_info": {
            "package_name": "com.example.cleanify",
            "certificate_hash": "b3d2c599f35df6a32b10fb510376ed5991058b1e"
          }
        },
        {
          "client_id": "255476366678-avl5em9gmpuhn45f2ha5lu5uj13kub8u.apps.googleusercontent.com",
          "client_type": 3
        }
      ],
      "api_key": [
        {
          "current_key": "AIzaSyAqwElcCyySQRQkZ8kvZCSn9aVbGpYFcdE"
        }
      ],
      "services": {
        "appinvite_service": {
          "other_platform_oauth_client": [
            {
              "client_id": "255476366678-avl5em9gmpuhn45f2ha5lu5uj13kub8u.apps.googleusercontent.com",
              "client_type": 3
            }
          ]
        }
      }
    }
  ],
  "configuration_version": "1"
}