{
  "project_info": {
    "project_number": "255476366678",
    "project_id": "cleanifydenicaproject",
    "storage_bucket": "cleanifydenicaproject.firebasestorage.app"
  },
  "client": [
    {
      "client_info": {
        "mobilesdk_app_id": "1:255476366678:android:1c1eb6952e2cbbf7ea2af7",
        "android_client_info": {
          "package_name": "com.example.cleanify"
        }
      },
      "oauth_client": [],
      "api_key": [
        {
          "current_key": "AIzaSyAqwElcCyySQRQkZ8kvZCSn9aVbGpYFcdE"
        }
      ],
      "services": {
        "appinvite_service": {
          "other_platform_oauth_client": []
        }
      }
    }
  ],
  "configuration_version": "1"
}